id,first_name,last_name,email,gender,ip_address
1,Allyson,Orange,aorange0@amazon.de,Female,97.47.62.119
2,Whitney,Scollard,wscollard1@unesco.org,Male,2.139.86.184
3,Enrico,Erskine Sandys,eerskinesandys2@i2i.jp,Male,184.19.30.134
4,Earvin,Ivashchenko,eivashchenko3@simplemachines.org,Male,66.192.162.241
5,Dwight,Heilds,dheilds4@sourceforge.net,Male,162.83.227.190
6,Dinah,Prene,dprene5@deliciousdays.com,Female,234.80.185.18
7,Ellery,Wayne,ewayne6@typepad.com,Male,238.227.243.211
8,Duncan,Spratling,dspratling7@unc.edu,Male,17.225.135.103
9,Bartholomeus,Maddie,bmaddie8@wix.com,Male,5.185.69.69
10,Gratia,Garthland,ggarthland9@cyberchimps.com,Female,222.23.93.154
11,Lucias,Keasey,lkeaseya@smugmug.com,Male,212.213.96.104
12,Feodor,Hachard,fhachardb@cbc.ca,Male,74.133.168.128
13,Wally,Shave,wshavec@prlog.org,Male,99.134.39.73
14,Nestor,Bruinemann,nbruinemannd@skyrock.com,Male,0.206.100.247
15,Gabe,Petroselli,gpetrosellie@acquirethisname.com,Male,124.52.185.67
16,Miquela,Barnard,mbarnardf@independent.co.uk,Female,145.141.37.219
17,Dunstan,Tregona,dtregonag@multiply.com,Male,178.179.250.204
18,Ignacio,Goady,igoadyh@chicagotribune.com,Male,255.89.251.151
19,Katrina,Honeywood,khoneywoodi@cbsnews.com,Female,107.202.158.128
20,Ophelie,Shallo,oshalloj@dmoz.org,Female,167.132.214.113
21,Salli,Simonetto,ssimonettok@hubpages.com,Female,147.147.106.233
22,Nicol,Franklyn,nfranklynl@google.pl,Male,188.51.33.202
23,Orin,Thinn,othinnm@shutterfly.com,Male,143.33.218.197
24,Stanfield,Benedict,sbenedictn@whitehouse.gov,Male,245.231.166.220
25,Vanda,Kuhnhardt,vkuhnhardto@illinois.edu,Female,144.123.167.74
26,Brandice,Ladell,bladellp@ox.ac.uk,Female,78.52.14.52
27,Ban,Giblin,bgiblinq@google.fr,Male,218.81.136.242
28,Nancee,Pring,npringr@surveymonkey.com,Female,157.124.164.56
29,Loree,Wike,lwikes@4shared.com,Female,14.155.13.116
30,Law,Curedale,lcuredalet@icq.com,Male,62.226.42.232
31,Marti,Bithell,mbithellu@hostgator.com,Female,97.178.1.25
32,Rene,Tyson,rtysonv@so-net.ne.jp,Male,227.245.180.66
33,Johnna,Sultana,jsultanaw@berkeley.edu,Female,87.32.38.177
34,Rudiger,Gerald,rgeraldx@fda.gov,Male,111.206.246.9
35,Homere,Brickstock,hbrickstocky@domainmarket.com,Male,54.168.13.96
36,Donny,Shinner,dshinnerz@google.com,Female,218.23.61.236
37,Gregoire,Straffon,gstraffon10@zimbio.com,Male,38.190.85.76
38,Benedicto,Bilbery,bbilbery11@youtu.be,Male,76.213.63.79
39,Courtnay,Bursnoll,cbursnoll12@shareasale.com,Female,31.32.11.90
40,Ford,Martinez,fmartinez13@bravesites.com,Male,85.127.155.92
41,Tucker,Czajka,tczajka14@twitter.com,Male,28.243.35.3
42,Rubin,McAllister,rmcallister15@elpais.com,Male,137.84.177.166
43,Abraham,Mateev,amateev16@tuttocitta.it,Male,132.36.89.86
44,Piggy,Glackin,pglackin17@weebly.com,Male,104.229.31.204
45,Virgie,Gregoratti,vgregoratti18@github.com,Female,140.93.93.196
46,Robb,Harsent,rharsent19@latimes.com,Male,18.179.181.39
47,Kim,Doulton,kdoulton1a@nymag.com,Male,41.120.54.174
48,Roderic,Koschke,rkoschke1b@barnesandnoble.com,Male,111.42.222.233
49,Alvis,Prester,aprester1c@washingtonpost.com,Male,255.163.13.144
50,Bertie,Dreier,bdreier1d@washington.edu,Female,62.90.1.150
51,Patsy,Slane,pslane1e@cyberchimps.com,Female,244.178.252.208
52,Nikolaus,Yesipov,nyesipov1f@aol.com,Male,184.200.135.34
53,Jeffy,Casazza,jcasazza1g@histats.com,Male,63.213.72.129
54,Hadley,McSherry,hmcsherry1h@360.cn,Male,111.3.139.86
55,Gae,Longina,glongina1i@canalblog.com,Female,227.39.225.83
56,Lisbeth,Gregori,lgregori1j@nhs.uk,Female,152.106.151.212
57,Leo,Baylie,lbaylie1k@nhs.uk,Male,45.3.78.169
58,Errick,Tabb,etabb1l@hao123.com,Male,195.203.96.100
59,Damita,Ruffey,druffey1m@microsoft.com,Female,66.69.28.65
60,Kirbee,Belfelt,kbelfelt1n@php.net,Female,24.33.116.22
61,Clerissa,Prigg,cprigg1o@psu.edu,Female,3.98.117.120
62,Cecilius,Deesly,cdeesly1p@1688.com,Male,48.145.32.60
63,Odele,Gouldeby,ogouldeby1q@cnbc.com,Female,11.241.53.215
64,Sydney,Leyborne,sleyborne1r@goo.ne.jp,Male,33.32.202.208
65,Cinnamon,Rudolfer,crudolfer1s@senate.gov,Female,164.238.69.198
66,Pietra,Martinovsky,pmartinovsky1t@cpanel.net,Female,212.137.70.72
67,Matteo,Farnworth,mfarnworth1u@pcworld.com,Male,119.81.148.82
68,Karrah,Lidster,klidster1v@businesswire.com,Female,172.125.67.247
69,Erv,Keats,ekeats1w@hatena.ne.jp,Male,57.180.121.73
70,Heriberto,Kachel,hkachel1x@360.cn,Male,255.144.55.97
71,Andria,Crannach,acrannach1y@about.me,Female,144.150.63.36
72,Sargent,Briatt,sbriatt1z@nationalgeographic.com,Male,64.134.152.99
73,Edwin,Brierton,ebrierton20@youtube.com,Male,255.158.114.139
74,Brittany,Jeannot,bjeannot21@mit.edu,Female,32.241.65.254
75,Christine,Furmonger,cfurmonger22@dion.ne.jp,Female,169.229.144.255
76,Sybil,Jzak,sjzak23@noaa.gov,Female,152.58.75.73
77,Lesya,Barabisch,lbarabisch24@ameblo.jp,Female,169.188.132.14
78,Bernardina,Petroff,bpetroff25@issuu.com,Female,38.171.127.89
79,Leda,Matantsev,lmatantsev26@usnews.com,Female,110.103.238.86
80,Quintus,Savidge,qsavidge27@arstechnica.com,Male,158.218.72.234
81,Rolland,McGillacoell,rmcgillacoell28@networkadvertising.org,Male,211.188.149.114
82,Nigel,Heater,nheater29@prlog.org,Male,242.211.117.122
83,Sheridan,Suff,ssuff2a@japanpost.jp,Male,52.61.184.233
84,Corena,Boniface,cboniface2b@bing.com,Female,157.12.255.173
85,Allianora,Hecks,ahecks2c@freewebs.com,Female,113.24.116.146
86,Shep,Cawt,scawt2d@tumblr.com,Male,216.37.7.36
87,Alasdair,Napolione,anapolione2e@imgur.com,Male,11.189.17.4
88,Waylon,O'Farrell,wofarrell2f@canalblog.com,Male,235.81.7.201
89,Lacie,Zavattero,lzavattero2g@github.com,Female,8.195.38.138
90,Cthrine,Cavaney,ccavaney2h@rambler.ru,Female,142.43.204.232
91,Quinton,Phare,qphare2i@alexa.com,Male,82.177.172.244
92,Findlay,Fennelow,ffennelow2j@redcross.org,Male,126.163.88.87
93,Stacie,Kniveton,skniveton2k@oaic.gov.au,Female,169.10.102.214
94,Kamilah,Woofinden,kwoofinden2l@macromedia.com,Female,145.145.33.125
95,Dionysus,Wraith,dwraith2m@wsj.com,Male,147.138.99.180
96,Alberik,Nuzzetti,anuzzetti2n@shinystat.com,Male,241.95.190.85
97,Elton,Schlag,eschlag2o@bloglines.com,Male,129.209.130.201
98,Graig,Baise,gbaise2p@parallels.com,Male,223.247.143.71
99,Catharine,Jennaroy,cjennaroy2q@ucoz.com,Female,9.34.153.190
100,Davey,Fullbrook,dfullbrook2r@amazon.co.uk,Male,127.46.250.57
101,Morton,Margetson,mmargetson2s@themeforest.net,Male,216.217.7.236
102,Kare,Evreux,kevreux2t@tinyurl.com,Female,97.38.193.213
103,Gennie,Tureville,gtureville2u@netlog.com,Female,116.63.43.122
104,Iain,Cadwallader,icadwallader2v@aol.com,Male,219.234.197.45
105,Constantia,Dani,cdani2w@addtoany.com,Female,52.177.227.79
106,Mercy,Stather,mstather2x@stanford.edu,Female,248.117.121.183
107,Philly,Bardill,pbardill2y@stumbleupon.com,Female,176.84.11.107
108,Filippo,Pavia,fpavia2z@arizona.edu,Male,243.12.42.160
109,Niall,Shurmore,nshurmore30@mayoclinic.com,Male,72.94.218.16
110,Jackson,Juggings,jjuggings31@de.vu,Male,166.170.72.75
111,Harv,Cadman,hcadman32@nsw.gov.au,Male,5.184.160.46
112,Evelina,Aslen,easlen33@state.tx.us,Female,207.36.207.212
113,Eugenie,Cecchi,ececchi34@ustream.tv,Female,214.55.82.144
114,Charity,Bowmen,cbowmen35@acquirethisname.com,Female,75.162.161.173
115,Sigismondo,Thaxton,sthaxton36@google.es,Male,117.199.39.91
116,Kathie,Jennrich,kjennrich37@ft.com,Female,94.161.108.241
117,Bartholomeus,Kreuzer,bkreuzer38@free.fr,Male,18.193.30.154
118,Tibold,Giacubo,tgiacubo39@blogger.com,Male,49.30.180.169
119,Vivyan,Casserley,vcasserley3a@merriam-webster.com,Female,128.101.79.96
120,Kelila,Lindeman,klindeman3b@fotki.com,Female,53.102.200.202
121,Jessalin,Dacks,jdacks3c@nasa.gov,Female,23.148.212.131
122,Blanche,Jaggar,bjaggar3d@spiegel.de,Female,79.29.221.219
123,Marlo,Fibbitts,mfibbitts3e@meetup.com,Female,190.170.215.231
124,Dallas,Hassekl,dhassekl3f@rakuten.co.jp,Male,133.63.117.91
125,Hazel,Bangley,hbangley3g@apache.org,Male,177.113.60.18
126,Anselma,Collister,acollister3h@mlb.com,Female,27.73.78.131
127,Isidore,Schimonek,ischimonek3i@joomla.org,Male,133.118.119.37
128,Ernestine,Langdridge,elangdridge3j@addthis.com,Female,253.156.177.54
129,Kizzee,Baskerfield,kbaskerfield3k@home.pl,Female,93.138.76.219
130,Catha,Raittie,craittie3l@macromedia.com,Female,137.10.17.192
131,Agnes,Strowan,astrowan3m@home.pl,Female,92.222.89.86
132,Justinian,Visco,jvisco3n@altervista.org,Male,34.121.65.123
133,Dannie,Wymer,dwymer3o@epa.gov,Female,33.66.129.73
134,Gleda,Kindon,gkindon3p@psu.edu,Female,141.7.249.196
135,Carlye,Jirzik,cjirzik3q@independent.co.uk,Female,241.194.194.156
136,Donnajean,Hunstone,dhunstone3r@google.com,Female,152.24.1.57
137,Janette,Ollie,jollie3s@cocolog-nifty.com,Female,34.248.132.116
138,Linnell,Bleazard,lbleazard3t@sphinn.com,Female,201.201.79.93
139,Grissel,Hintze,ghintze3u@yellowpages.com,Female,117.176.214.67
140,Sheena,Etherington,setherington3v@ow.ly,Female,16.235.44.45
141,Marsiella,Isenor,misenor3w@meetup.com,Female,14.30.76.253
142,Petr,Danjoie,pdanjoie3x@myspace.com,Male,74.26.160.211
143,Lisbeth,Vinnick,lvinnick3y@joomla.org,Female,253.38.184.142
144,Glori,Patullo,gpatullo3z@hibu.com,Female,80.201.26.15
145,Chelsie,Jossum,cjossum40@imdb.com,Female,133.240.116.189
146,Britni,Heffernan,bheffernan41@mashable.com,Female,206.33.100.77
147,Efren,Greest,egreest42@uol.com.br,Male,253.117.12.239
148,Ardyth,Kehoe,akehoe43@aol.com,Female,91.13.240.2
149,Hansiain,Lissaman,hlissaman44@aboutads.info,Male,212.157.194.110
150,Emmy,Kester,ekester45@zdnet.com,Male,242.186.196.249
151,Jean,Espadas,jespadas46@economist.com,Male,73.14.98.85
152,Lorraine,Forge,lforge47@cnet.com,Female,66.98.115.224
153,Elana,Farryann,efarryann48@mediafire.com,Female,103.145.91.4
154,Lemmy,Feldberg,lfeldberg49@bloomberg.com,Male,238.208.106.191
155,Howie,Yakubowicz,hyakubowicz4a@yale.edu,Male,129.50.14.234
156,Lynnette,Merryfield,lmerryfield4b@tripadvisor.com,Female,184.18.251.21
157,Sandra,Oggers,soggers4c@comsenz.com,Female,79.232.35.209
158,Graig,Borthe,gborthe4d@time.com,Male,155.191.35.225
159,Rufe,McPeake,rmcpeake4e@blinklist.com,Male,13.59.67.225
160,Arlee,FitzGibbon,afitzgibbon4f@dagondesign.com,Female,214.211.249.121
161,Tobie,Lawton,tlawton4g@shutterfly.com,Male,193.185.144.181
162,Brady,Shaughnessy,bshaughnessy4h@soup.io,Male,193.185.104.147
163,Dal,Sissens,dsissens4i@ning.com,Male,210.109.19.197
164,Philbert,Leadbeatter,pleadbeatter4j@gmpg.org,Male,113.19.35.129
165,Christoph,Probart,cprobart4k@elegantthemes.com,Male,194.205.189.224
166,Darrel,Hitschke,dhitschke4l@go.com,Male,163.39.0.175
167,Clayborn,Merryman,cmerryman4m@nature.com,Male,23.213.107.208
168,Madison,Asbury,masbury4n@utexas.edu,Male,198.8.42.194
169,Marchall,Sargent,msargent4o@yelp.com,Male,62.97.159.59
170,Anetta,Le Friec,alefriec4p@guardian.co.uk,Female,149.128.180.17
171,Tonya,Rudgerd,trudgerd4q@scientificamerican.com,Female,127.146.120.94
172,Gib,Mattielli,gmattielli4r@nationalgeographic.com,Male,134.159.96.8
173,Hewett,Philipsson,hphilipsson4s@merriam-webster.com,Male,213.17.45.66
174,Cristabel,Lermouth,clermouth4t@sourceforge.net,Female,157.205.67.116
175,Gerick,Thorndycraft,gthorndycraft4u@home.pl,Male,233.169.165.197
176,Korella,Somerled,ksomerled4v@engadget.com,Female,236.222.36.238
177,Aretha,Notton,anotton4w@usnews.com,Female,124.116.72.40
178,Laure,Poe,lpoe4x@usgs.gov,Female,159.123.242.41
179,Sayer,Taylorson,staylorson4y@toplist.cz,Male,28.254.101.239
180,Ann-marie,Cherrie,acherrie4z@un.org,Female,239.64.177.50
181,Pavla,Weatherup,pweatherup50@senate.gov,Female,199.235.27.112
182,Hildagarde,Choke,hchoke51@prweb.com,Female,25.248.108.185
183,Mattie,Tousey,mtousey52@ameblo.jp,Male,2.179.75.217
184,Clemmy,MacCahee,cmaccahee53@comcast.net,Female,193.230.26.251
185,Eugine,Lacky,elacky54@geocities.com,Female,103.59.108.230
186,Miriam,Skouling,mskouling55@prlog.org,Female,160.88.115.168
187,Lombard,Rozea,lrozea56@gnu.org,Male,244.4.27.191
188,Spenser,Marrison,smarrison57@mayoclinic.com,Male,210.72.104.70
189,Maddalena,Adney,madney58@e-recht24.de,Female,143.123.173.170
190,Marris,Drever,mdrever59@accuweather.com,Female,188.15.42.237
191,Rabbi,Pedlar,rpedlar5a@ucla.edu,Male,142.115.81.11
192,Burk,Paulou,bpaulou5b@twitter.com,Male,206.111.237.142
193,Evangelina,Cousen,ecousen5c@webmd.com,Female,126.87.141.62
194,Gray,Bevans,gbevans5d@gizmodo.com,Female,209.178.33.46
195,Thadeus,Mcmanaman,tmcmanaman5e@wikimedia.org,Male,254.108.53.208
196,Pru,Hammerich,phammerich5f@linkedin.com,Female,248.254.197.10
197,Bo,Northwood,bnorthwood5g@deliciousdays.com,Male,132.16.25.101
198,Ania,Hebbs,ahebbs5h@wikimedia.org,Female,97.165.167.239
199,Britte,Allberry,ballberry5i@washingtonpost.com,Female,101.66.34.120
200,Any,Treffrey,atreffrey5j@nature.com,Male,168.140.92.163
201,Georgetta,Kemmons,gkemmons5k@netscape.com,Female,212.37.114.212
202,Suzi,Ashling,sashling5l@mit.edu,Female,208.167.245.122
203,Paxon,Grievson,pgrievson5m@twitpic.com,Male,185.67.40.83
204,Garrek,Ullock,gullock5n@ucoz.com,Male,245.241.123.235
205,Niki,Towhey,ntowhey5o@cloudflare.com,Male,227.110.78.251
206,Lin,Churchouse,lchurchouse5p@engadget.com,Female,218.89.229.240
207,Leigh,Brislawn,lbrislawn5q@qq.com,Male,187.225.154.143
208,Salaidh,Battershall,sbattershall5r@sourceforge.net,Female,54.56.111.37
209,Gabrielle,McIlwain,gmcilwain5s@printfriendly.com,Female,213.175.123.113
210,Melinde,Rosedale,mrosedale5t@alexa.com,Female,72.38.200.80
211,Margi,Spearett,mspearett5u@thetimes.co.uk,Female,135.19.16.206
212,Joeann,Shovelin,jshovelin5v@amazon.com,Female,161.178.158.177
213,Ezri,Pauleau,epauleau5w@cornell.edu,Male,249.20.141.251
214,Eldon,Gunn,egunn5x@hud.gov,Male,112.217.20.209
215,Rutger,Mattack,rmattack5y@tamu.edu,Male,161.91.115.53
216,Claudian,Thwaite,cthwaite5z@oaic.gov.au,Male,103.217.209.215
217,Drud,Beckson,dbeckson60@quantcast.com,Male,238.132.247.226
218,Harp,De Vuyst,hdevuyst61@cmu.edu,Male,165.96.0.237
219,Gerik,Slinger,gslinger62@rakuten.co.jp,Male,65.67.202.39
220,Hillier,Broadway,hbroadway63@boston.com,Male,192.165.3.185
221,Dill,Lesek,dlesek64@ucla.edu,Male,211.103.126.248
222,Jackqueline,Fenkel,jfenkel65@cdbaby.com,Female,10.71.171.114
223,Corabelle,Louis,clouis66@reuters.com,Female,20.11.150.69
224,Dinnie,Tibald,dtibald67@t.co,Female,141.16.147.122
225,Pavlov,Whiteman,pwhiteman68@deliciousdays.com,Male,90.83.45.125
226,Tiff,Key,tkey69@baidu.com,Female,0.100.242.163
227,Juliane,Mylechreest,jmylechreest6a@oracle.com,Female,172.109.141.138
228,Bobby,Okill,bokill6b@adobe.com,Female,44.187.24.68
229,Anna,Dowthwaite,adowthwaite6c@bluehost.com,Female,119.128.118.15
230,Bob,Rickardsson,brickardsson6d@flickr.com,Male,169.74.139.19
231,Stormie,Bowmen,sbowmen6e@shop-pro.jp,Female,188.220.192.17
232,Perren,Ambrozik,pambrozik6f@t.co,Male,189.237.132.191
233,Damien,Pales,dpales6g@wsj.com,Male,9.199.32.19
234,Inna,Grumley,igrumley6h@jugem.jp,Female,35.53.147.54
235,Reinold,Shields,rshields6i@marketwatch.com,Male,123.126.198.155
236,Darnall,Emmott,demmott6j@wordpress.com,Male,176.172.135.209
237,Janie,Hurles,jhurles6k@addtoany.com,Female,198.239.60.107
238,Georgine,Pavlenkov,gpavlenkov6l@archive.org,Female,246.140.44.206
239,Brendin,Lorente,blorente6m@macromedia.com,Male,190.0.179.213
240,Jessie,Hurleston,jhurleston6n@goo.gl,Male,32.15.130.123
241,Morie,Aldrick,maldrick6o@homestead.com,Male,50.111.114.208
242,Rafaello,Huntress,rhuntress6p@vk.com,Male,18.218.68.191
243,Murray,Elt,melt6q@cloudflare.com,Male,9.234.59.82
244,Irita,Juares,ijuares6r@shareasale.com,Female,202.22.140.85
245,Christa,Giovannazzi,cgiovannazzi6s@dagondesign.com,Female,251.177.214.4
246,Myles,Pumfrett,mpumfrett6t@i2i.jp,Male,182.225.2.168
247,Valery,Paprotny,vpaprotny6u@artisteer.com,Female,60.13.61.200
248,Bliss,Goodbanne,bgoodbanne6v@psu.edu,Female,231.11.82.64
249,Joshia,Mason,jmason6w@discuz.net,Male,117.31.213.168
250,Fredi,Bockings,fbockings6x@discovery.com,Female,187.253.52.195
251,Bonni,Schirak,bschirak6y@ftc.gov,Female,126.238.45.123
252,Brade,Sorey,bsorey6z@spiegel.de,Male,176.178.230.72
253,Thelma,Greger,tgreger70@skype.com,Female,238.215.107.235
254,Sheridan,Wildber,swildber71@irs.gov,Male,54.155.60.147
255,Zechariah,de Marco,zdemarco72@feedburner.com,Male,72.65.83.243
256,Alwyn,Mannin,amannin73@amazon.co.jp,Male,239.25.106.135
257,Waneta,Normandale,wnormandale74@mapquest.com,Female,51.17.153.167
258,Flory,Antonutti,fantonutti75@uiuc.edu,Female,172.171.11.109
259,Leeland,Sheppard,lsheppard76@sakura.ne.jp,Male,143.38.186.49
260,Rosamond,Jakubowicz,rjakubowicz77@house.gov,Female,75.151.234.147
261,Nikola,Chatres,nchatres78@narod.ru,Male,244.240.9.148
262,Consalve,Cockrem,ccockrem79@wikipedia.org,Male,219.129.20.32
263,Franni,Juckes,fjuckes7a@technorati.com,Female,34.124.52.255
264,Maje,McTear,mmctear7b@issuu.com,Male,42.9.6.240
265,Reuven,Dunseath,rdunseath7c@unicef.org,Male,200.229.215.211
266,Aldin,Crisall,acrisall7d@nih.gov,Male,83.181.247.244
267,Courtney,Chastagnier,cchastagnier7e@opera.com,Male,76.50.223.26
268,Cordy,Ruffler,cruffler7f@meetup.com,Male,76.50.99.208
269,Ralina,Mander,rmander7g@newsvine.com,Female,185.30.223.70
270,Maddy,Dunnan,mdunnan7h@canalblog.com,Male,187.21.128.124
271,Brendis,Ketch,bketch7i@illinois.edu,Male,144.61.174.169
272,Sondra,Fordyce,sfordyce7j@sourceforge.net,Female,106.35.43.140
273,Brandi,Gouley,bgouley7k@spiegel.de,Female,73.188.156.103
274,Marylinda,Bainbridge,mbainbridge7l@ft.com,Female,110.144.189.87
275,Ravid,Jandel,rjandel7m@blogger.com,Male,65.100.185.218
276,Kennett,Bonhomme,kbonhomme7n@uol.com.br,Male,103.239.191.172
277,Zorine,Bendik,zbendik7o@lulu.com,Female,198.21.168.1
278,Magdaia,Doggerell,mdoggerell7p@scribd.com,Female,122.29.72.210
279,Roxanna,Noir,rnoir7q@constantcontact.com,Female,16.239.100.154
280,Dun,Lisimore,dlisimore7r@bbc.co.uk,Male,249.15.185.65
281,Gabriellia,Crathorne,gcrathorne7s@qq.com,Female,7.184.68.205
282,Karia,Yesichev,kyesichev7t@forbes.com,Female,64.13.118.251
283,Maude,Dennehy,mdennehy7u@wiley.com,Female,150.75.43.113
284,Chase,Bache,cbache7v@dailymail.co.uk,Male,213.97.205.194
285,Ali,Markus,amarkus7w@w3.org,Female,196.237.198.102
286,Gonzalo,Heppner,gheppner7x@sourceforge.net,Male,16.78.188.106
287,Coraline,Sartin,csartin7y@mapy.cz,Female,121.19.53.96
288,Corri,Feldbrin,cfeldbrin7z@elegantthemes.com,Female,98.251.46.112
289,Benny,Pedder,bpedder80@123-reg.co.uk,Male,45.171.80.227
290,Phelia,Tithecote,ptithecote81@free.fr,Female,12.158.223.210
291,Tuckie,Siehard,tsiehard82@gmpg.org,Male,92.234.91.115
292,Florella,Carlet,fcarlet83@mapy.cz,Female,87.177.13.205
293,Kordula,Stilldale,kstilldale84@free.fr,Female,185.125.12.126
294,Gabi,Hagart,ghagart85@hc360.com,Male,5.165.93.217
295,Teodor,Allright,tallright86@omniture.com,Male,204.108.77.87
296,Meta,Oldacre,moldacre87@yahoo.co.jp,Female,93.248.93.16
297,Andriana,Utley,autley88@irs.gov,Female,107.190.129.181
298,Guinna,Sacker,gsacker89@theguardian.com,Female,35.79.182.139
299,Krista,Izsak,kizsak8a@soup.io,Female,138.159.249.197
300,Sinclare,Cisson,scisson8b@networksolutions.com,Male,87.0.227.74
301,Peterus,Davidow,pdavidow8c@blogger.com,Male,50.80.77.212
302,Amory,Hamley,ahamley8d@pinterest.com,Male,130.234.147.24
303,Garwood,Haddick,ghaddick8e@abc.net.au,Male,170.135.94.192
304,Holly-anne,Bardsley,hbardsley8f@washingtonpost.com,Female,198.67.101.253
305,Eziechiele,Crippin,ecrippin8g@php.net,Male,187.210.82.62
306,Gabe,Harold,gharold8h@xing.com,Male,187.157.133.144
307,Jordana,Castledine,jcastledine8i@ucoz.ru,Female,230.37.47.229
308,Kearney,McRinn,kmcrinn8j@photobucket.com,Male,159.200.87.87
309,Robena,Goodyear,rgoodyear8k@icio.us,Female,37.8.41.190
310,Lorie,Terrazzo,lterrazzo8l@forbes.com,Female,92.93.192.169
311,Marty,Stolte,mstolte8m@flavors.me,Male,51.247.167.14
312,Lesya,Hurrion,lhurrion8n@boston.com,Female,26.3.74.250
313,Aundrea,Stonman,astonman8o@dion.ne.jp,Female,189.120.75.158
314,Ruthi,Pierrepoint,rpierrepoint8p@nytimes.com,Female,185.65.193.4
315,Orran,Deabill,odeabill8q@mayoclinic.com,Male,52.36.150.42
316,Rozalin,Newell,rnewell8r@freewebs.com,Female,7.61.151.188
317,Willy,Brewer,wbrewer8s@yellowbook.com,Male,38.152.32.104
318,Woodrow,Gabriely,wgabriely8t@dedecms.com,Male,72.64.206.192
319,Kale,Hefford,khefford8u@berkeley.edu,Male,8.16.130.151
320,Lorrie,Berthon,lberthon8v@scientificamerican.com,Male,190.214.142.33
321,Sander,Ackhurst,sackhurst8w@washington.edu,Male,88.74.226.120
322,Meredithe,Wittke,mwittke8x@guardian.co.uk,Female,74.192.243.172
323,Barnie,Toyne,btoyne8y@surveymonkey.com,Male,82.91.96.92
324,Ammamaria,Scholefield,ascholefield8z@boston.com,Female,166.235.109.201
325,Wilhelmina,Hearnes,whearnes90@adobe.com,Female,10.156.157.82
326,Emlynn,Spurett,espurett91@trellian.com,Female,17.7.182.114
327,Katleen,Battany,kbattany92@java.com,Female,96.62.235.101
328,Glenden,Wapple,gwapple93@nationalgeographic.com,Male,109.60.68.242
329,Gwen,Gilkes,ggilkes94@youtu.be,Female,104.124.228.232
330,Corrie,Bosdet,cbosdet95@irs.gov,Male,221.195.138.215
331,Hazlett,Adnam,hadnam96@dedecms.com,Male,94.117.2.221
332,Wendie,Crocker,wcrocker97@nytimes.com,Female,223.183.9.216
333,Bengt,Seefeldt,bseefeldt98@networkadvertising.org,Male,233.29.60.109
334,Harcourt,Wastling,hwastling99@wisc.edu,Male,78.144.207.116
335,Addy,Fairall,afairall9a@blogger.com,Male,86.201.85.172
336,Frances,Cubley,fcubley9b@cdc.gov,Female,63.154.122.185
337,Noland,Hawksley,nhawksley9c@dell.com,Male,107.183.244.102
338,Murvyn,Kienzle,mkienzle9d@is.gd,Male,255.64.77.11
339,Roseanne,Voisey,rvoisey9e@gmpg.org,Female,211.216.122.125
340,Yancey,Tibbetts,ytibbetts9f@themeforest.net,Male,80.27.69.49
341,Joan,Espada,jespada9g@unicef.org,Female,182.238.200.134
342,Marcellina,Ubach,mubach9h@cnbc.com,Female,28.226.130.8
343,Sigismundo,Pozzo,spozzo9i@unicef.org,Male,87.190.210.6
344,Web,Bisp,wbisp9j@imageshack.us,Male,147.49.30.224
345,Maurice,Probate,mprobate9k@myspace.com,Male,86.1.59.147
346,Franchot,Oseman,foseman9l@patch.com,Male,233.130.124.12
347,Helaine,Lewzey,hlewzey9m@slideshare.net,Female,73.162.219.255
348,Baldwin,Hollyard,bhollyard9n@alexa.com,Male,201.99.144.53
349,Lee,Eastmead,leastmead9o@spotify.com,Male,183.96.23.58
350,Bastian,Hallibone,bhallibone9p@ycombinator.com,Male,157.215.196.42
351,Mattie,Sopp,msopp9q@ow.ly,Female,229.222.21.8
352,Ruthanne,Loomes,rloomes9r@t.co,Female,107.248.46.114
353,Loreen,Blackater,lblackater9s@independent.co.uk,Female,208.227.150.140
354,Sigfrid,Barneville,sbarneville9t@amazon.co.uk,Male,39.131.202.223
355,Kaleb,Cantos,kcantos9u@businesswire.com,Male,40.8.111.19
356,Darill,Kisting,dkisting9v@reuters.com,Male,136.104.41.42
357,Mahalia,Ambroisin,mambroisin9w@wp.com,Female,205.157.119.198
358,Cacilie,Boler,cboler9x@buzzfeed.com,Female,225.115.29.43
359,Diane,Yakov,dyakov9y@amazon.com,Female,80.97.46.126
360,Eduardo,Fernao,efernao9z@freewebs.com,Male,228.74.255.125
361,Oliver,Aymes,oaymesa0@51.la,Male,112.58.117.240
362,Peria,Well,pwella1@mozilla.com,Female,78.154.136.20
363,Vera,Tompkins,vtompkinsa2@fastcompany.com,Female,246.56.45.6
364,Kathy,Seleway,kselewaya3@statcounter.com,Female,93.74.35.122
365,Louisette,Boultwood,lboultwooda4@addtoany.com,Female,146.121.201.182
366,Scotti,Gilbee,sgilbeea5@bluehost.com,Male,104.242.19.33
367,Tilly,Rodda,troddaa6@scribd.com,Female,242.64.6.79
368,Nora,Smeeton,nsmeetona7@github.com,Female,193.34.130.107
369,Isadore,Lampkin,ilampkina8@yellowbook.com,Male,67.216.243.109
370,Howie,Coughan,hcoughana9@google.nl,Male,52.224.68.89
371,Hayes,Huntington,hhuntingtonaa@woothemes.com,Male,223.209.181.4
372,Austina,Latliff,alatliffab@ibm.com,Female,103.219.47.214
373,Nelson,Bertelmot,nbertelmotac@wsj.com,Male,141.25.79.137
374,Ricca,Ogley,rogleyad@ihg.com,Female,211.6.67.209
375,Reyna,Hemstead,rhemsteadae@examiner.com,Female,202.40.173.138
376,Filberto,Keuning,fkeuningaf@state.tx.us,Male,95.138.254.3
377,Eileen,Boller,ebollerag@facebook.com,Female,97.206.111.248
378,Garrard,Crocroft,gcrocroftah@mail.ru,Male,137.151.121.56
379,Pauly,Desseine,pdesseineai@dmoz.org,Female,228.116.253.22
380,Tobe,McGeady,tmcgeadyaj@salon.com,Female,89.211.166.39
381,Bettina,Snoddy,bsnoddyak@tmall.com,Female,45.105.137.221
382,Belicia,Brand,bbrandal@netvibes.com,Female,10.75.162.31
383,Kerk,MacNeill,kmacneillam@senate.gov,Male,231.175.155.179
384,Bronny,Benninck,bbenninckan@webnode.com,Male,198.46.233.36
385,Arlie,Fretwell,afretwellao@comsenz.com,Female,204.14.146.2
386,Sybilla,Corder,scorderap@tinypic.com,Female,80.93.121.18
387,Costa,Sandham,csandhamaq@1688.com,Male,83.120.152.76
388,Broddie,Davenall,bdavenallar@toplist.cz,Male,249.125.232.155
389,Giraud,Baldinotti,gbaldinottias@dropbox.com,Male,174.101.158.38
390,Ingrim,Vernham,ivernhamat@answers.com,Male,118.190.248.148
391,Tobi,Lynde,tlyndeau@netscape.com,Female,86.148.161.211
392,Robena,Norway,rnorwayav@patch.com,Female,38.187.96.20
393,Vidovik,Hindrich,vhindrichaw@fotki.com,Male,214.20.236.28
394,Daven,Foldes,dfoldesax@tripadvisor.com,Male,160.105.64.143
395,Aigneis,Wallace,awallaceay@prweb.com,Female,204.69.163.133
396,Devora,Downey,ddowneyaz@harvard.edu,Female,135.75.184.175
397,Dillie,Russ,drussb0@tamu.edu,Male,191.47.36.205
398,Inness,Hartrick,ihartrickb1@blog.com,Male,33.85.11.38
399,Karon,Medgewick,kmedgewickb2@cmu.edu,Female,191.108.196.40
400,Emera,Auden,eaudenb3@soup.io,Female,15.147.209.233
401,Remington,Marciek,rmarciekb4@issuu.com,Male,97.153.241.109
402,Durward,Evemy,devemyb5@kickstarter.com,Male,197.65.57.174
403,Barton,Sauvain,bsauvainb6@biblegateway.com,Male,13.108.168.74
404,Saraann,Metcalfe,smetcalfeb7@domainmarket.com,Female,147.202.230.109
405,Sherline,Durrand,sdurrandb8@issuu.com,Female,157.97.132.27
406,Niccolo,Filyukov,nfilyukovb9@scribd.com,Male,167.19.195.161
407,Jacqui,Cecchetelli,jcecchetelliba@sina.com.cn,Female,68.71.4.216
408,Vanya,de Castelain,vdecastelainbb@google.ca,Male,48.153.192.218
409,Artus,Pagon,apagonbc@vistaprint.com,Male,17.41.208.225
410,Myca,Chalcot,mchalcotbd@businessinsider.com,Male,172.112.205.254
411,Ava,Yakunikov,ayakunikovbe@earthlink.net,Female,179.114.159.235
412,Olly,Skrines,oskrinesbf@surveymonkey.com,Female,76.126.20.110
413,Gunther,Barnhill,gbarnhillbg@twitter.com,Male,208.102.60.104
414,Benn,Stigell,bstigellbh@oakley.com,Male,113.133.94.118
415,Winnah,Emptage,wemptagebi@wikipedia.org,Female,217.50.148.92
416,Paten,Avent,paventbj@accuweather.com,Male,251.188.122.67
417,Carolee,Jales,cjalesbk@state.tx.us,Female,100.59.88.148
418,Amii,Edington,aedingtonbl@fda.gov,Female,62.24.43.66
419,Major,Dowdle,mdowdlebm@google.cn,Male,191.254.111.185
420,Prue,Sorton,psortonbn@senate.gov,Female,83.186.167.175
421,Denny,Mayoh,dmayohbo@cnet.com,Female,236.9.132.213
422,Meyer,Peterken,mpeterkenbp@netscape.com,Male,151.236.206.66
423,Ettore,Coyne,ecoynebq@tinypic.com,Male,120.135.190.201
424,Madison,Chape,mchapebr@bloglovin.com,Male,0.203.177.93
425,Corrine,Conor,cconorbs@omniture.com,Female,150.245.212.94
426,Luci,Bargh,lbarghbt@nifty.com,Female,98.95.21.184
427,Gerrard,Carluccio,gcarlucciobu@arizona.edu,Male,170.254.77.56
428,Bernette,Averall,baverallbv@sbwire.com,Female,107.104.42.85
429,Francisco,Hulbert,fhulbertbw@indiatimes.com,Male,149.150.144.38
430,Friedrich,Ballentime,fballentimebx@hp.com,Male,173.61.106.233
431,Etta,Giraudot,egiraudotby@stumbleupon.com,Female,121.30.162.38
432,Ariella,Tumility,atumilitybz@ucsd.edu,Female,221.20.52.194
433,Kyrstin,Songest,ksongestc0@example.com,Female,74.28.112.2
434,Bernadette,Edelman,bedelmanc1@eventbrite.com,Female,150.12.154.109
435,Anson,Reeme,areemec2@weebly.com,Male,33.203.31.243
436,Gibby,Cathie,gcathiec3@ox.ac.uk,Male,45.220.140.181
437,Keefe,Sillars,ksillarsc4@godaddy.com,Male,65.237.102.26
438,Aguistin,Keeting,akeetingc5@patch.com,Male,29.29.106.144
439,Gwendolin,Smithend,gsmithendc6@amazon.co.uk,Female,19.48.210.11
440,Ingaborg,Belli,ibellic7@a8.net,Female,56.164.2.54
441,Ingar,Leggen,ileggenc8@rakuten.co.jp,Male,9.46.131.18
442,Friederike,Hawkslee,fhawksleec9@oaic.gov.au,Female,142.254.144.125
443,Enrica,McLucky,emcluckyca@slideshare.net,Female,187.114.167.253
444,Reinald,Yeardley,ryeardleycb@sciencedirect.com,Male,113.177.77.251
445,Osbert,Mulloch,omullochcc@de.vu,Male,96.19.91.212
446,Sisile,Mowett,smowettcd@vk.com,Female,115.109.29.67
447,Adriano,Pfeiffer,apfeifferce@msn.com,Male,29.180.107.115
448,Dorthea,Trime,dtrimecf@upenn.edu,Female,210.141.116.242
449,Roderic,Shere,rsherecg@ycombinator.com,Male,106.183.233.131
450,Kacie,Graundisson,kgraundissonch@163.com,Female,192.150.114.107
451,Roderich,Morratt,rmorrattci@shop-pro.jp,Male,30.201.44.125
452,Ninnetta,Bleackley,nbleackleycj@chicagotribune.com,Female,34.115.57.244
453,Kimbra,Rhydderch,krhydderchck@weibo.com,Female,35.165.13.103
454,Doyle,Stygall,dstygallcl@foxnews.com,Male,151.118.7.97
455,Carlie,Vany,cvanycm@jugem.jp,Male,45.234.152.241
456,Elisabeth,Brogan,ebrogancn@ucoz.com,Female,203.42.105.124
457,Huntington,Duckinfield,hduckinfieldco@va.gov,Male,217.180.248.113
458,Ingeberg,Ambrosoli,iambrosolicp@rediff.com,Female,57.21.42.133
459,Alli,Zold,azoldcq@weibo.com,Female,182.236.157.82
460,Lexine,McKerron,lmckerroncr@forbes.com,Female,220.145.241.98
461,Larissa,Gives,lgivescs@sourceforge.net,Female,125.62.222.126
462,Dall,Cockburn,dcockburnct@msn.com,Male,57.193.111.14
463,Erie,Lawee,elaweecu@hostgator.com,Male,246.231.157.166
464,Nata,Garforth,ngarforthcv@amazon.co.uk,Female,87.137.227.68
465,Garwood,Shutler,gshutlercw@baidu.com,Male,43.75.14.191
466,Cobbie,Forsey,cforseycx@smugmug.com,Male,182.20.90.232
467,Keary,Brandom,kbrandomcy@google.com.hk,Male,62.10.135.193
468,Kelwin,Foden,kfodencz@yolasite.com,Male,40.240.33.62
469,Rosalynd,Chittem,rchittemd0@archive.org,Female,5.160.12.104
470,Creight,Goddard,cgoddardd1@sbwire.com,Male,62.93.236.4
471,Asa,Tozer,atozerd2@reddit.com,Male,111.181.189.34
472,Nanete,Swedeland,nswedelandd3@creativecommons.org,Female,205.228.129.224
473,Vlad,Pashen,vpashend4@amazon.de,Male,60.152.136.149
474,Elset,Pyne,epyned5@canalblog.com,Female,156.75.2.174
475,Nertie,Bushe,nbushed6@canalblog.com,Female,105.79.89.118
476,Willa,Leaver,wleaverd7@sina.com.cn,Female,212.76.203.171
477,Sarge,Shark,ssharkd8@ustream.tv,Male,150.228.101.76
478,Ad,Lawley,alawleyd9@toplist.cz,Male,186.48.33.54
479,Tana,Manford,tmanfordda@goo.gl,Female,100.34.67.42
480,Charmion,Ritchard,critcharddb@dailymotion.com,Female,41.15.45.125
481,De witt,Clines,dclinesdc@scribd.com,Male,7.65.82.213
482,Pryce,Brandolini,pbrandolinidd@japanpost.jp,Male,130.76.141.97
483,Danit,Cosford,dcosfordde@cnet.com,Female,80.22.186.15
484,Bogey,Keepe,bkeepedf@furl.net,Male,92.222.15.144
485,Parnell,Harrowing,pharrowingdg@fda.gov,Male,184.254.157.7
486,Cleo,Chasmor,cchasmordh@ftc.gov,Female,169.78.108.250
487,Koenraad,Khidr,kkhidrdi@quantcast.com,Male,194.153.162.78
488,Maurise,Denys,mdenysdj@msn.com,Male,35.232.255.216
489,Shelia,Sive,ssivedk@live.com,Female,201.167.3.26
490,Hilary,Pantone,hpantonedl@cmu.edu,Female,129.131.253.1
491,Juliane,Self,jselfdm@topsy.com,Female,112.185.207.245
492,Pall,Dungate,pdungatedn@istockphoto.com,Male,47.90.214.80
493,Dickie,Beecraft,dbeecraftdo@youtube.com,Male,153.62.8.155
494,Mario,Joyce,mjoycedp@people.com.cn,Male,163.32.232.96
495,Meaghan,Vasyatkin,mvasyatkindq@cnet.com,Female,124.158.35.183
496,Elsa,Bullivent,ebulliventdr@reference.com,Female,31.216.29.26
497,Garald,Cappleman,gcapplemands@merriam-webster.com,Male,38.107.25.151
498,Odey,Imeson,oimesondt@sina.com.cn,Male,252.224.134.129
499,Roy,McFfaden,rmcffadendu@instagram.com,Male,23.59.213.167
500,Hakeem,Olensby,holensbydv@t.co,Male,46.23.244.72
501,Bucky,Skamell,bskamelldw@jimdo.com,Male,213.41.125.20
502,Nadean,Armfield,narmfielddx@epa.gov,Female,40.250.226.189
503,Jamie,Aizikov,jaizikovdy@netvibes.com,Male,185.59.145.165
504,Leonelle,Cushworth,lcushworthdz@businessinsider.com,Female,20.140.133.214
505,Freda,Iannello,fiannelloe0@privacy.gov.au,Female,152.123.40.33
506,Anne-corinne,Springtorpe,aspringtorpee1@zdnet.com,Female,68.250.81.173
507,Hope,Umbers,humberse2@ft.com,Female,138.214.8.248
508,Lanna,Vallerine,lvallerinee3@last.fm,Female,89.138.149.130
509,Alley,Gomme,agommee4@rambler.ru,Male,107.120.110.95
510,Godart,Brooksby,gbrooksbye5@house.gov,Male,147.226.62.205
511,Kandace,Elsy,kelsye6@amazonaws.com,Female,134.22.223.77
512,Griffin,Orgill,gorgille7@marriott.com,Male,184.96.189.221
513,Alma,Berston,aberstone8@typepad.com,Female,2.202.44.130
514,Barb,Corgenvin,bcorgenvine9@miibeian.gov.cn,Female,49.189.127.153
515,Hoebart,Kearle,hkearleea@godaddy.com,Male,182.52.134.134
516,Omar,Brookfield,obrookfieldeb@auda.org.au,Male,176.247.193.217
517,Evangelia,Dade,edadeec@pbs.org,Female,235.185.4.52
518,Elwira,Bocking,ebockinged@uiuc.edu,Female,142.234.45.40
519,Evita,Splain,esplainee@4shared.com,Female,109.147.38.157
520,Garfield,Hollingdale,ghollingdaleef@umich.edu,Male,184.24.232.112
521,Alvina,Micheu,amicheueg@comcast.net,Female,244.31.226.251
522,Gerik,Allonby,gallonbyeh@macromedia.com,Male,188.200.248.135
523,Odele,Clabburn,oclabburnei@trellian.com,Female,226.123.98.138
524,Dorthy,Lorraine,dlorraineej@shinystat.com,Female,98.51.183.234
525,Carlo,Gillam,cgillamek@mysql.com,Male,72.128.87.140
526,Anitra,Parley,aparleyel@nifty.com,Female,159.128.103.178
527,Lorenza,Farnan,lfarnanem@earthlink.net,Female,44.80.47.69
528,Alysia,Veljes,aveljesen@dagondesign.com,Female,159.185.212.112
529,Hendrik,Runcie,hruncieeo@princeton.edu,Male,178.147.94.81
530,Kimmie,Downer,kdownerep@uiuc.edu,Female,181.159.173.81
531,Lolita,Poter,lpotereq@dot.gov,Female,12.104.74.161
532,Bartolomeo,Lippiatt,blippiatter@yolasite.com,Male,160.47.252.209
533,Weider,Duferie,wduferiees@mayoclinic.com,Male,216.142.71.107
534,Kleon,Lethbridge,klethbridgeet@ed.gov,Male,101.122.73.160
535,Lavinie,Whawell,lwhawelleu@1688.com,Female,113.176.197.42
536,Larina,Bengtsson,lbengtssonev@thetimes.co.uk,Female,121.204.6.1
537,Gib,Fehners,gfehnersew@booking.com,Male,45.80.206.217
538,Wilbur,Cutchie,wcutchieex@yelp.com,Male,60.64.232.96
539,Linoel,Hazley,lhazleyey@yale.edu,Male,142.59.246.201
540,Gerri,Adamkiewicz,gadamkiewiczez@unc.edu,Female,103.119.250.10
541,Deane,Seel,dseelf0@hostgator.com,Male,117.147.177.250
542,Shelley,Jillions,sjillionsf1@oaic.gov.au,Female,180.156.119.84
543,Algernon,Aldridge,aaldridgef2@360.cn,Male,63.23.145.167
544,Melinde,Broxholme,mbroxholmef3@icq.com,Female,185.219.246.160
545,Amii,Chiles,achilesf4@over-blog.com,Female,185.28.100.101
546,Judah,Straffon,jstraffonf5@alibaba.com,Male,154.43.141.92
547,Lowell,Lewins,llewinsf6@quantcast.com,Male,6.7.31.155
548,Joella,Corner,jcornerf7@yellowbook.com,Female,70.250.132.133
549,Rock,Climo,rclimof8@mail.ru,Male,217.199.237.64
550,Corinne,Daniells,cdaniellsf9@photobucket.com,Female,168.178.246.254
551,Patin,Sutcliffe,psutcliffefa@cdbaby.com,Male,138.108.183.128
552,Shaun,Cromar,scromarfb@tripod.com,Male,54.194.249.109
553,Tedi,Huntly,thuntlyfc@prweb.com,Female,194.230.126.150
554,Grace,Bickers,gbickersfd@spiegel.de,Male,39.235.191.204
555,Gabriela,Twigger,gtwiggerfe@360.cn,Female,77.149.64.11
556,Beatrice,Sifleet,bsifleetff@weebly.com,Female,102.126.162.80
557,Mommy,Culmer,mculmerfg@microsoft.com,Female,31.115.33.153
558,Colver,Daspar,cdasparfh@google.pl,Male,190.237.217.7
559,Carl,Sprowle,csprowlefi@youku.com,Male,20.115.33.190
560,Werner,World,wworldfj@etsy.com,Male,136.141.205.120
561,Ninnetta,Goodhay,ngoodhayfk@vk.com,Female,145.199.55.227
562,Jeremiah,Keightley,jkeightleyfl@answers.com,Male,126.55.178.130
563,Clerkclaude,Tumielli,ctumiellifm@nhs.uk,Male,97.153.147.255
564,Andreas,Douche,adouchefn@friendfeed.com,Male,62.195.111.207
565,Margarethe,Jacks,mjacksfo@archive.org,Female,64.113.124.106
566,Corty,Stock,cstockfp@mail.ru,Male,217.190.171.54
567,Teddie,Rowberry,trowberryfq@google.it,Male,219.74.52.232
568,Tobey,St. John,tstjohnfr@oaic.gov.au,Female,136.244.226.92
569,Geri,Sign,gsignfs@cdc.gov,Male,208.204.26.182
570,Giustino,Nicklen,gnicklenft@senate.gov,Male,101.96.228.25
571,Wolfgang,Whybrow,wwhybrowfu@t-online.de,Male,183.5.61.198
572,Ruthie,Almey,ralmeyfv@slideshare.net,Female,139.188.122.42
573,Alvin,Downse,adownsefw@spiegel.de,Male,122.149.182.32
574,Karisa,Seville,ksevillefx@livejournal.com,Female,156.216.169.50
575,Nora,Rigler,nriglerfy@shop-pro.jp,Female,77.198.134.89
576,Richie,Rudsdell,rrudsdellfz@foxnews.com,Male,213.26.12.23
577,Rogers,Warters,rwartersg0@shutterfly.com,Male,199.247.84.194
578,Jerrylee,Roots,jrootsg1@chicagotribune.com,Female,185.194.153.79
579,Reece,Malyj,rmalyjg2@intel.com,Male,210.81.218.41
580,Sully,Leigh,sleighg3@vk.com,Male,177.43.24.118
581,Kirsti,Yglesias,kyglesiasg4@nsw.gov.au,Female,125.166.110.197
582,Jo-ann,Housin,jhousing5@vistaprint.com,Female,193.189.141.246
583,Witty,Patzelt,wpatzeltg6@ehow.com,Male,64.196.81.33
584,Rickert,Semour,rsemourg7@japanpost.jp,Male,213.60.81.255
585,Berne,Bolden,bboldeng8@shop-pro.jp,Male,151.138.194.116
586,Kassie,Licciardi,klicciardig9@adobe.com,Female,110.28.144.113
587,Merissa,Wrought,mwroughtga@acquirethisname.com,Female,85.105.246.151
588,Olin,Von Brook,ovonbrookgb@edublogs.org,Male,26.59.2.14
589,Felicity,Brosi,fbrosigc@godaddy.com,Female,174.77.189.109
590,Gage,McRuvie,gmcruviegd@shutterfly.com,Male,64.71.167.95
591,Byran,Basilotta,bbasilottage@berkeley.edu,Male,143.244.243.59
592,Gian,Burgott,gburgottgf@mysql.com,Male,126.102.33.49
593,Marley,Idel,midelgg@thetimes.co.uk,Female,226.151.114.73
594,Iosep,Terrans,iterransgh@posterous.com,Male,58.94.196.190
595,Lay,Kolin,lkolingi@blogger.com,Male,126.16.13.242
596,Xerxes,Castagna,xcastagnagj@constantcontact.com,Male,183.149.126.9
597,Kimbell,Ahrenius,kahreniusgk@123-reg.co.uk,Male,156.80.196.95
598,Chet,Thaxter,cthaxtergl@spiegel.de,Male,32.253.251.173
599,Fraser,Tixall,ftixallgm@exblog.jp,Male,67.163.150.66
600,Adi,Durant,adurantgn@hatena.ne.jp,Female,20.246.178.13
601,Charlean,Abelevitz,cabelevitzgo@hibu.com,Female,165.251.196.21
602,Shelby,Takis,stakisgp@etsy.com,Male,215.193.218.160
603,Isabelle,Berrick,iberrickgq@infoseek.co.jp,Female,34.188.12.183
604,Alford,Searsby,asearsbygr@godaddy.com,Male,147.173.140.190
605,Sig,Vasentsov,svasentsovgs@vistaprint.com,Male,192.141.93.243
606,Tiffi,Birtonshaw,tbirtonshawgt@vinaora.com,Female,190.73.210.156
607,Hildegarde,Rydings,hrydingsgu@ed.gov,Female,237.116.154.235
608,Del,Tonry,dtonrygv@miibeian.gov.cn,Male,241.242.122.92
609,Mable,Waycott,mwaycottgw@gnu.org,Female,151.155.209.21
610,Dianna,Corhard,dcorhardgx@ning.com,Female,145.174.122.32
611,Meris,Regis,mregisgy@cafepress.com,Female,162.161.1.148
612,Eldon,Jentgens,ejentgensgz@wikispaces.com,Male,113.198.14.106
613,Ernaline,Burlay,eburlayh0@yale.edu,Female,62.111.20.120
614,Chev,Linger,clingerh1@theglobeandmail.com,Male,106.139.200.123
615,Carleton,Epinay,cepinayh2@washington.edu,Male,149.226.28.67
616,Gerry,Benneyworth,gbenneyworthh3@i2i.jp,Female,27.199.85.250
617,Tiphanie,Tomaselli,ttomasellih4@facebook.com,Female,62.251.62.137
618,Nehemiah,Gasperi,ngasperih5@delicious.com,Male,185.12.112.246
619,Harlan,Blodget,hblodgeth6@zimbio.com,Male,182.51.225.101
620,Alecia,Seale,asealeh7@timesonline.co.uk,Female,255.180.161.225
621,Maudie,Igglesden,migglesdenh8@si.edu,Female,103.192.153.121
622,Udale,Vardie,uvardieh9@dmoz.org,Male,126.51.75.238
623,Eldredge,Swarbrigg,eswarbriggha@google.co.uk,Male,239.61.105.152
624,Arleen,Dingley,adingleyhb@youtube.com,Female,0.201.223.152
625,Noreen,Sleford,nslefordhc@pcworld.com,Female,78.239.70.50
626,Richard,Arnley,rarnleyhd@mapy.cz,Male,158.130.132.132
627,Jemie,Radeliffe,jradeliffehe@nyu.edu,Female,238.170.119.12
628,Lusa,Weatherup,lweatheruphf@loc.gov,Female,237.154.128.144
629,Ginelle,Don,gdonhg@yellowpages.com,Female,39.173.44.15
630,Celestyna,Chatain,cchatainhh@zimbio.com,Female,171.155.53.174
631,Lotte,Harman,lharmanhi@state.tx.us,Female,58.55.192.183
632,Leena,Woolfitt,lwoolfitthj@cisco.com,Female,21.118.192.187
633,Elston,Rasp,erasphk@wikimedia.org,Male,52.65.71.221
634,Lorilyn,Townend,ltownendhl@latimes.com,Female,151.24.119.112
635,Oswald,Angear,oangearhm@sina.com.cn,Male,15.170.44.214
636,Fanchette,Cowup,fcowuphn@narod.ru,Female,236.198.18.21
637,Bab,Elstone,belstoneho@dropbox.com,Female,247.153.54.126
638,Gusti,Silverston,gsilverstonhp@posterous.com,Female,231.181.74.70
639,Sean,Jerrolt,sjerrolthq@accuweather.com,Male,166.210.59.58
640,Lizbeth,Asmus,lasmushr@histats.com,Female,51.222.239.144
641,Aidan,Serraillier,aserraillierhs@archive.org,Female,179.170.130.176
642,Teirtza,Seatter,tseatterht@artisteer.com,Female,105.122.60.35
643,Rheta,Gagin,rgaginhu@sfgate.com,Female,167.61.162.185
644,Cecil,Di Carli,cdicarlihv@soundcloud.com,Male,59.30.153.209
645,Yule,Chantillon,ychantillonhw@liveinternet.ru,Male,78.67.180.128
646,Adelle,De Leek,adeleekhx@ehow.com,Female,181.64.23.134
647,Anett,Schimonek,aschimonekhy@deliciousdays.com,Female,173.61.44.209
648,Trip,De la croix,tdelacroixhz@bbc.co.uk,Male,255.170.148.110
649,Sandra,Jeffcoat,sjeffcoati0@cafepress.com,Female,113.143.156.151
650,Dorie,Bartleman,dbartlemani1@amazon.com,Female,159.0.29.125
651,Jilleen,Reichelt,jreichelti2@feedburner.com,Female,251.227.175.93
652,Kimberli,Putton,kputtoni3@kickstarter.com,Female,98.196.125.24
653,Osbert,Oakinfold,ooakinfoldi4@cnn.com,Male,26.104.191.17
654,Colin,Pearsall,cpearsalli5@yandex.ru,Male,120.85.38.196
655,Tabbitha,Bonaire,tbonairei6@answers.com,Female,40.245.72.72
656,Reinald,Pourvoieur,rpourvoieuri7@is.gd,Male,83.120.189.107
657,Trudy,Somerfield,tsomerfieldi8@wunderground.com,Female,215.194.154.165
658,Rea,Petroselli,rpetrosellii9@yandex.ru,Female,12.207.109.103
659,Kyla,Gaskall,kgaskallia@nhs.uk,Female,134.125.104.159
660,Clayson,Nower,cnowerib@acquirethisname.com,Male,254.235.232.169
661,Mellisent,Andrysek,mandrysekic@opensource.org,Female,183.234.74.136
662,Leonie,Pharaoh,lpharaohid@google.it,Female,94.255.121.166
663,Chris,McOwen,cmcowenie@google.it,Female,232.210.18.219
664,Brew,Daspar,bdasparif@51.la,Male,81.15.125.188
665,Vanna,Maly,vmalyig@foxnews.com,Female,189.128.92.114
666,Aguistin,Cocke,acockeih@e-recht24.de,Male,247.100.137.211
667,Sacha,Densie,sdensieii@yale.edu,Female,105.71.149.254
668,Margit,Dallison,mdallisonij@usa.gov,Female,31.18.137.135
669,Shane,Acaster,sacasterik@acquirethisname.com,Male,60.78.198.59
670,Felicity,Cough,fcoughil@1688.com,Female,185.105.39.209
671,Prue,Davies,pdaviesim@cornell.edu,Female,112.4.138.64
672,Marcellina,Duddell,mduddellin@shinystat.com,Female,155.31.153.65
673,Sissie,Teggin,stegginio@house.gov,Female,70.89.235.118
674,Juanita,Maw,jmawip@stanford.edu,Female,228.250.98.209
675,Bernie,Greenan,bgreenaniq@opensource.org,Female,143.16.116.207
676,Emelita,Aleksandrov,ealeksandrovir@cyberchimps.com,Female,176.51.198.7
677,Dory,Dorbon,ddorbonis@myspace.com,Male,140.123.89.247
678,Vassily,Rendell,vrendellit@ihg.com,Male,254.194.158.108
679,Shena,Sprigg,sspriggiu@tumblr.com,Female,177.127.255.65
680,Leda,Cockin,lcockiniv@wp.com,Female,180.215.176.231
681,Wyatan,Luggar,wluggariw@vimeo.com,Male,239.213.207.20
682,Daisie,Acheson,dachesonix@huffingtonpost.com,Female,177.66.193.253
683,Brandice,Sachno,bsachnoiy@timesonline.co.uk,Female,155.114.109.144
684,Shawn,Gallyon,sgallyoniz@taobao.com,Male,160.233.27.229
685,Camey,Piscopiello,cpiscopielloj0@ning.com,Male,42.192.107.136
686,Gilemette,Been,gbeenj1@businessinsider.com,Female,42.10.81.116
687,Arabelle,McComiskie,amccomiskiej2@harvard.edu,Female,237.58.183.77
688,Margarethe,Feast,mfeastj3@arstechnica.com,Female,133.173.254.83
689,Cosetta,Jados,cjadosj4@friendfeed.com,Female,120.228.95.168
690,Walliw,Suddaby,wsuddabyj5@sphinn.com,Female,211.33.233.52
691,Garvy,Moscrop,gmoscropj6@posterous.com,Male,40.77.124.117
692,Bridget,Semered,bsemeredj7@boston.com,Female,41.177.160.248
693,Fin,Maytom,fmaytomj8@hubpages.com,Male,219.174.209.29
694,Brok,O' Connell,boconnellj9@imgur.com,Male,88.228.199.219
695,Donnie,Kightly,dkightlyja@slideshare.net,Male,169.40.142.5
696,Aleece,Jacquet,ajacquetjb@bizjournals.com,Female,165.137.51.109
697,Kirstyn,Itzhaiek,kitzhaiekjc@chicagotribune.com,Female,191.68.175.73
698,Arch,Stribbling,astribblingjd@wordpress.org,Male,164.243.140.239
699,Ilyssa,Dodsley,idodsleyje@mashable.com,Female,153.155.216.194
700,Jo,Leroux,jlerouxjf@creativecommons.org,Male,133.58.99.13
701,Gilberto,O'Carmody,gocarmodyjg@amazon.co.uk,Male,144.46.118.1
702,Elroy,Varnes,evarnesjh@technorati.com,Male,237.142.85.217
703,Abbey,O'Geaney,aogeaneyji@ucla.edu,Male,110.162.247.135
704,Leicester,Despenser,ldespenserjj@reddit.com,Male,46.241.39.237
705,Rene,Spier,rspierjk@pcworld.com,Male,167.14.3.17
706,Jyoti,Weson,jwesonjl@epa.gov,Female,161.182.16.47
707,Hermon,Trank,htrankjm@redcross.org,Male,214.72.104.53
708,Nealy,Izzard,nizzardjn@cbslocal.com,Male,255.183.130.123
709,Celka,Tzarkov,ctzarkovjo@sfgate.com,Female,122.47.108.35
710,Chevy,Bebbington,cbebbingtonjp@dell.com,Male,120.79.213.223
711,Lavinia,Krishtopaittis,lkrishtopaittisjq@xing.com,Female,105.233.203.229
712,Saba,Cadwallader,scadwalladerjr@pbs.org,Female,119.109.159.238
713,Engracia,Corkhill,ecorkhilljs@rediff.com,Female,10.7.25.235
714,North,Rolfs,nrolfsjt@lycos.com,Male,130.95.142.38
715,Rudd,Cordero,rcorderoju@reference.com,Male,218.222.81.148
716,Shela,Gillimgham,sgillimghamjv@discovery.com,Female,236.153.124.4
717,Lynsey,Penritt,lpenrittjw@deliciousdays.com,Female,51.108.229.115
718,Gabbie,Osgorby,gosgorbyjx@aol.com,Female,96.160.140.92
719,Christy,Brettle,cbrettlejy@flickr.com,Female,66.35.102.229
720,Adamo,Brosh,abroshjz@yahoo.com,Male,180.48.88.111
721,Tove,Bellay,tbellayk0@dagondesign.com,Female,92.204.67.43
722,Fidel,Fahey,ffaheyk1@mozilla.org,Male,36.21.157.198
723,Noach,Grisedale,ngrisedalek2@state.gov,Male,186.98.170.75
724,Karalynn,Schulter,kschulterk3@whitehouse.gov,Female,244.7.44.73
725,Lia,McNair,lmcnairk4@hibu.com,Female,160.166.228.55
726,Bob,Ubank,bubankk5@hexun.com,Male,200.241.148.157
727,Ravi,Regis,rregisk6@vk.com,Male,123.25.105.115
728,Fabian,Foulstone,ffoulstonek7@blogtalkradio.com,Male,82.79.18.186
729,Kristos,Vergine,kverginek8@umich.edu,Male,199.59.197.32
730,Faustine,Santer,fsanterk9@diigo.com,Female,174.58.4.178
731,Tirrell,Filoniere,tfiloniereka@multiply.com,Male,71.226.150.137
732,Lilli,MacCambridge,lmaccambridgekb@ebay.com,Female,125.71.233.201
733,Flint,De Francesco,fdefrancescokc@constantcontact.com,Male,201.48.162.6
734,Carey,Renshell,crenshellkd@parallels.com,Female,123.246.84.46
735,Lucia,Lettington,llettingtonke@nyu.edu,Female,251.156.191.33
736,Ericha,Blackater,eblackaterkf@nih.gov,Female,57.142.167.127
737,Bartolomeo,Sharphouse,bsharphousekg@google.com.au,Male,234.215.166.227
738,Emanuele,Garrettson,egarrettsonkh@washington.edu,Male,196.201.162.12
739,Greer,Straun,gstraunki@chron.com,Female,142.64.44.3
740,Sheffy,Courtin,scourtinkj@e-recht24.de,Male,51.180.33.107
741,Magda,Sanbrook,msanbrookkk@ucsd.edu,Female,137.157.82.36
742,Hasheem,Burndred,hburndredkl@house.gov,Male,226.106.86.229
743,Ebonee,Cottle,ecottlekm@msn.com,Female,53.136.69.196
744,Irving,Longridge,ilongridgekn@imdb.com,Male,151.6.239.72
745,Chelsae,Abbatucci,cabbatucciko@bravesites.com,Female,157.182.61.101
746,Tana,Kneafsey,tkneafseykp@webmd.com,Female,48.226.179.91
747,Gwenni,Chrystie,gchrystiekq@wikia.com,Female,128.39.24.105
748,Myranda,O'Cridigan,mocridigankr@amazon.co.jp,Female,60.35.115.244
749,Bail,Cosson,bcossonks@archive.org,Male,8.36.78.74
750,Charlotte,Senechault,csenechaultkt@printfriendly.com,Female,56.30.182.164
751,Damaris,Coultas,dcoultasku@shinystat.com,Female,82.51.65.185
752,Costa,Marques,cmarqueskv@guardian.co.uk,Male,160.91.77.232
753,Silva,Costi,scostikw@sina.com.cn,Female,238.222.162.0
754,Nickey,Ousley,nousleykx@nba.com,Male,131.177.251.84
755,Alair,Champerlen,achamperlenky@odnoklassniki.ru,Male,237.69.203.72
756,Aila,Baldack,abaldackkz@diigo.com,Female,116.165.147.247
757,Helli,Hobgen,hhobgenl0@slate.com,Female,215.204.29.219
758,Jenilee,Pampling,jpamplingl1@smugmug.com,Female,18.122.1.204
759,Gabriello,Nevison,gnevisonl2@army.mil,Male,192.12.51.212
760,Noemi,Lightbown,nlightbownl3@artisteer.com,Female,207.192.175.84
761,Pia,Sighard,psighardl4@baidu.com,Female,130.103.109.91
762,Fleur,Pencot,fpencotl5@live.com,Female,70.120.183.117
763,Vanda,Scandred,vscandredl6@tinypic.com,Female,86.29.235.156
764,Kippy,Beardmore,kbeardmorel7@weibo.com,Male,6.70.206.220
765,Issie,Ties,itiesl8@hp.com,Female,7.16.232.179
766,Meridel,Egle,meglel9@taobao.com,Female,24.174.200.247
767,Brandon,Janny,bjannyla@slashdot.org,Male,254.27.103.157
768,Lorraine,Lamont,llamontlb@icio.us,Female,180.63.25.78
769,Charmane,Tabourel,ctabourellc@1und1.de,Female,38.130.167.183
770,Kristofer,Blonfield,kblonfieldld@tmall.com,Male,11.97.15.160
771,Aubert,Youles,ayoulesle@noaa.gov,Male,25.199.184.69
772,Cornelle,Lumm,clummlf@fda.gov,Female,57.144.68.252
773,Abbi,Lilburn,alilburnlg@cdc.gov,Female,5.145.251.181
774,Doralynn,Winter,dwinterlh@state.gov,Female,188.78.199.255
775,Adolph,Brinsford,abrinsfordli@reddit.com,Male,77.244.166.121
776,Orville,Cardoso,ocardosolj@free.fr,Male,122.111.220.229
777,Shurwood,Huby,shubylk@fema.gov,Male,72.182.133.232
778,Prentice,Jessel,pjesselll@prnewswire.com,Male,96.84.233.178
779,Sibel,Vanyatin,svanyatinlm@dot.gov,Female,209.69.29.60
780,Ethelyn,Wort,ewortln@buzzfeed.com,Female,71.172.55.48
781,Breena,Fyrth,bfyrthlo@weibo.com,Female,22.234.57.230
782,Jimmy,Cheverton,jchevertonlp@xinhuanet.com,Male,192.75.42.187
783,Antonina,Finkle,afinklelq@imdb.com,Female,213.54.228.187
784,Sheba,Van Hesteren,svanhesterenlr@wix.com,Female,103.144.20.191
785,Ravid,Plenderleith,rplenderleithls@histats.com,Male,229.244.195.13
786,Erhard,Cosh,ecoshlt@cpanel.net,Male,248.197.114.28
787,Marlane,Piechnik,mpiechniklu@tripadvisor.com,Female,76.133.245.99
788,Hally,Blondin,hblondinlv@behance.net,Female,246.95.147.230
789,Jo-ann,Leadbitter,jleadbitterlw@1688.com,Female,90.78.193.136
790,Chaim,Cossington,ccossingtonlx@globo.com,Male,227.92.202.19
791,Burton,Hryniewicki,bhryniewickily@apache.org,Male,234.164.95.43
792,Bealle,Seaborn,bseabornlz@friendfeed.com,Male,186.124.33.158
793,Winthrop,Klampt,wklamptm0@wikipedia.org,Male,147.181.127.184
794,Arleyne,Tift,atiftm1@sourceforge.net,Female,203.0.203.194
795,Gauthier,Micallef,gmicallefm2@rediff.com,Male,144.219.28.59
796,Lorry,Tibbs,ltibbsm3@census.gov,Male,143.223.58.66
797,Giovanna,Henrichsen,ghenrichsenm4@nbcnews.com,Female,249.137.167.183
798,Trefor,Smithers,tsmithersm5@cbsnews.com,Male,209.104.6.184
799,Evangeline,Guyonnet,eguyonnetm6@amazon.co.uk,Female,84.2.88.114
800,Josepha,Burrows,jburrowsm7@instagram.com,Female,98.235.72.199
801,Osbourn,Breedy,obreedym8@friendfeed.com,Male,77.202.194.3
802,Eugenio,Doddemeede,edoddemeedem9@php.net,Male,1.93.155.39
803,Dot,Davitti,ddavittima@bloglines.com,Female,61.219.85.212
804,Kit,Mcimmie,kmcimmiemb@about.com,Female,83.95.225.57
805,Amalia,Withey,awitheymc@vk.com,Female,67.67.36.4
806,Barbe,Sabben,bsabbenmd@wordpress.com,Female,150.28.245.101
807,Emelia,Penhalewick,epenhalewickme@wikia.com,Female,251.77.239.63
808,Barnie,Kindred,bkindredmf@furl.net,Male,155.241.105.47
809,Dick,Eaglestone,deaglestonemg@spotify.com,Male,102.87.206.27
810,Marchall,Blaze,mblazemh@businessweek.com,Male,10.95.252.20
811,Rosaleen,Aspinal,raspinalmi@independent.co.uk,Female,19.205.170.221
812,Siward,Ribchester,sribchestermj@lycos.com,Male,61.142.124.84
813,Mathian,Bougourd,mbougourdmk@desdev.cn,Male,227.99.229.224
814,Clay,Carus,ccarusml@yellowbook.com,Male,249.224.89.49
815,Crawford,Kellick,ckellickmm@blogger.com,Male,16.252.166.26
816,Binnie,Apdell,bapdellmn@microsoft.com,Female,237.211.243.82
817,Morgana,Cutten,mcuttenmo@imdb.com,Female,1.75.190.98
818,Steffen,Scrowston,sscrowstonmp@yellowbook.com,Male,208.159.18.75
819,Wald,Silvermann,wsilvermannmq@dell.com,Male,139.154.101.213
820,Lib,Gowrich,lgowrichmr@reddit.com,Female,19.49.213.74
821,Gordon,Knottley,gknottleyms@skyrock.com,Male,91.108.142.86
822,Shani,McLafferty,smclaffertymt@wp.com,Female,132.54.255.47
823,Jaquelin,Dolan,jdolanmu@noaa.gov,Female,241.179.145.194
824,Alastair,Mabey,amabeymv@unc.edu,Male,110.24.157.43
825,Kenton,Golley,kgolleymw@printfriendly.com,Male,202.93.76.167
826,Monah,Welland,mwellandmx@themeforest.net,Female,35.51.74.160
827,Dukie,Vittet,dvittetmy@craigslist.org,Male,144.250.28.188
828,Daisey,Lathan,dlathanmz@quantcast.com,Female,51.165.151.183
829,Abran,Hathaway,ahathawayn0@go.com,Male,69.71.70.91
830,Cesare,Marklin,cmarklinn1@hatena.ne.jp,Male,111.165.187.118
831,Welby,Ousbie,wousbien2@opensource.org,Male,52.160.33.188
832,Jess,Perris,jperrisn3@weebly.com,Male,142.29.91.153
833,Wald,Jewis,wjewisn4@time.com,Male,173.213.87.4
834,Terrie,Willcocks,twillcocksn5@lycos.com,Female,124.159.142.156
835,Cayla,Prover,cprovern6@about.me,Female,235.250.200.222
836,Durand,Castelijn,dcastelijnn7@phoca.cz,Male,235.180.107.245
837,Sherill,Masdin,smasdinn8@tmall.com,Female,221.53.49.46
838,Buckie,Peverell,bpeverelln9@friendfeed.com,Male,233.49.37.145
839,Sherline,Vannikov,svannikovna@yellowbook.com,Female,84.92.125.74
840,Nickie,Slides,nslidesnb@eventbrite.com,Male,184.20.142.245
841,Clare,Cumpton,ccumptonnc@redcross.org,Male,54.221.124.7
842,Jo ann,Yellowley,jyellowleynd@sogou.com,Female,6.97.221.9
843,Harvey,Elvins,helvinsne@webmd.com,Male,4.160.146.57
844,Penny,Quinet,pquinetnf@oaic.gov.au,Male,196.242.184.162
845,Graham,Bootes,gbootesng@jimdo.com,Male,86.223.43.36
846,Dev,Dandie,ddandienh@ow.ly,Male,215.193.213.70
847,Clevey,Whapham,cwhaphamni@irs.gov,Male,192.191.103.114
848,Gun,Khotler,gkhotlernj@springer.com,Male,134.140.141.7
849,Emlen,Hourston,ehourstonnk@dailymail.co.uk,Male,165.194.18.78
850,Phyllis,Galilee,pgalileenl@blogger.com,Female,8.175.192.4
851,Marketa,Laslett,mlaslettnm@artisteer.com,Female,194.153.119.167
852,Marlie,Dukelow,mdukelownn@bravesites.com,Female,63.31.130.171
853,Wilhelmina,Cowin,wcowinno@wikimedia.org,Female,179.250.195.118
854,Della,Schieferstein,dschiefersteinnp@usa.gov,Female,69.240.68.16
855,Eal,Durdy,edurdynq@domainmarket.com,Male,91.121.125.129
856,Darbee,Pinks,dpinksnr@macromedia.com,Male,128.11.29.139
857,Marshall,Stainfield,mstainfieldns@123-reg.co.uk,Male,234.48.90.102
858,Frederic,Wailes,fwailesnt@csmonitor.com,Male,26.35.130.209
859,Andras,Queyos,aqueyosnu@cyberchimps.com,Male,239.227.168.21
860,Bobbie,Hayselden,bhayseldennv@craigslist.org,Male,151.142.183.19
861,Base,Itzchaki,bitzchakinw@jigsy.com,Male,160.25.129.122
862,Clayborn,Markson,cmarksonnx@miitbeian.gov.cn,Male,198.1.73.180
863,Leland,Gresswood,lgresswoodny@stanford.edu,Male,128.131.159.165
864,Alena,Crunkhorn,acrunkhornnz@msn.com,Female,8.3.4.220
865,Rik,Kerswill,rkerswillo0@usgs.gov,Male,239.112.214.154
866,Jacqui,Aberdein,jaberdeino1@sbwire.com,Female,108.116.155.12
867,Ardelia,Stapley,astapleyo2@mit.edu,Female,4.86.82.219
868,Michal,Ithell,mithello3@blogspot.com,Male,184.170.58.56
869,Lucias,Pinnion,lpinniono4@myspace.com,Male,117.114.213.230
870,Melesa,Joutapavicius,mjoutapaviciuso5@usatoday.com,Female,188.255.122.147
871,Creight,Sneden,csnedeno6@google.com,Male,71.189.12.238
872,Erl,Cleator,ecleatoro7@tinyurl.com,Male,81.145.223.3
873,Kareem,Rumke,krumkeo8@comcast.net,Male,1.135.170.31
874,Sigrid,Foxen,sfoxeno9@blogspot.com,Female,124.108.111.60
875,Ede,O'Hogertie,eohogertieoa@tamu.edu,Female,116.178.158.37
876,Dorian,Bannell,dbannellob@godaddy.com,Male,99.109.25.181
877,Rafaello,Mocker,rmockeroc@uiuc.edu,Male,123.61.84.228
878,Patric,Bucknell,pbucknellod@about.com,Male,90.112.14.82
879,Diane-marie,Espinheira,despinheiraoe@nbcnews.com,Female,177.76.59.39
880,Cristy,Goodred,cgoodredof@epa.gov,Female,1.71.157.195
881,Witty,Zmitruk,wzmitrukog@umich.edu,Male,240.87.251.74
882,Kriste,Gookey,kgookeyoh@webs.com,Female,242.40.235.14
883,Twila,Dello,tdellooi@addthis.com,Female,163.112.8.108
884,Taddeusz,Winckworth,twinckworthoj@discovery.com,Male,33.140.197.66
885,Arin,Munt,amuntok@nps.gov,Male,140.104.136.152
886,Kelly,Myford,kmyfordol@list-manage.com,Female,237.250.68.24
887,Tedman,Leathart,tleathartom@wikispaces.com,Male,113.178.102.29
888,Mona,Thake,mthakeon@plala.or.jp,Female,50.226.38.47
889,Glenna,Maher,gmaheroo@ycombinator.com,Female,130.124.114.58
890,Molli,Cisco,mciscoop@about.com,Female,145.45.178.28
891,Rowan,Stapylton,rstapyltonoq@wp.com,Male,136.163.10.158
892,Adelina,Bernardoux,abernardouxor@tumblr.com,Female,24.128.166.81
893,Arleta,Jedrzejczyk,ajedrzejczykos@examiner.com,Female,129.183.145.35
894,Karmen,Gaiter,kgaiterot@jiathis.com,Female,65.197.225.197
895,Rora,Moniker,rmonikerou@soundcloud.com,Female,170.100.156.31
896,Henriette,Candlish,hcandlishov@narod.ru,Female,110.93.212.197
897,Randell,Ramiro,rramiroow@mapy.cz,Male,189.53.104.186
898,Malissia,Tomaszynski,mtomaszynskiox@patch.com,Female,98.40.110.38
899,Osborne,Branthwaite,obranthwaiteoy@last.fm,Male,174.67.227.224
900,Jolee,Lattin,jlattinoz@elegantthemes.com,Female,29.191.246.194
901,Jessika,Nancekivell,jnancekivellp0@oracle.com,Female,31.45.11.174
902,Madelina,Coules,mcoulesp1@instagram.com,Female,213.180.249.163
903,Harmonia,Scarasbrick,hscarasbrickp2@google.co.uk,Female,187.196.41.6
904,Petronille,Kyteley,pkyteleyp3@china.com.cn,Female,201.203.46.199
905,Emanuele,Jewett,ejewettp4@vinaora.com,Male,247.179.228.192
906,Carlita,Harbidge,charbidgep5@bbc.co.uk,Female,32.51.178.138
907,Les,Tackley,ltackleyp6@photobucket.com,Male,230.102.142.171
908,Nevile,Kagan,nkaganp7@newyorker.com,Male,102.184.29.111
909,Fin,Carmel,fcarmelp8@skype.com,Male,68.205.50.93
910,Dorri,Emanuele,demanuelep9@washingtonpost.com,Female,210.1.38.45
911,Urbanus,Stoeckle,ustoecklepa@phpbb.com,Male,73.127.126.50
912,Deonne,Beautyman,dbeautymanpb@theglobeandmail.com,Female,11.142.225.57
913,Almeta,Palfery,apalferypc@hibu.com,Female,9.102.109.111
914,Marwin,Tissiman,mtissimanpd@4shared.com,Male,93.226.161.172
915,Earle,Dorey,edoreype@patch.com,Male,139.41.222.254
916,Lettie,Plumbe,lplumbepf@usgs.gov,Female,57.28.1.143
917,Eryn,Ovill,eovillpg@weather.com,Female,27.89.31.119
918,Andi,Keetch,akeetchph@altervista.org,Female,62.34.200.170
919,Carri,Mellonby,cmellonbypi@cnn.com,Female,250.35.139.183
920,Flin,Unsworth,funsworthpj@paypal.com,Male,4.165.22.252
921,Grove,Filyushkin,gfilyushkinpk@jimdo.com,Male,109.162.35.182
922,Levy,Bockings,lbockingspl@ustream.tv,Male,79.92.247.11
923,Mal,Wrettum,mwrettumpm@artisteer.com,Male,170.248.140.13
924,Ximenes,Ince,xincepn@spiegel.de,Male,204.159.172.3
925,Winthrop,Rosi,wrosipo@marriott.com,Male,244.166.194.94
926,Pembroke,Feacham,pfeachampp@reuters.com,Male,242.251.19.59
927,Tisha,Axcel,taxcelpq@123-reg.co.uk,Female,163.162.239.168
928,Ginevra,Fooks,gfookspr@wisc.edu,Female,240.18.98.230
929,Dorian,Cowthart,dcowthartps@cbslocal.com,Female,209.197.115.45
930,Ermentrude,Parsonson,eparsonsonpt@studiopress.com,Female,112.96.98.184
931,Aluino,Bowmen,abowmenpu@google.ca,Male,151.65.68.45
932,Duke,MacArdle,dmacardlepv@addthis.com,Male,186.234.68.101
933,Donovan,Alloisi,dalloisipw@myspace.com,Male,245.134.113.209
934,Bryna,Nanninini,bnannininipx@yellowpages.com,Female,119.109.5.158
935,Boigie,Salisbury,bsalisburypy@gmpg.org,Male,212.250.6.113
936,Wilek,Mabbitt,wmabbittpz@dailymotion.com,Male,247.254.153.112
937,Beale,Nelius,bneliusq0@census.gov,Male,105.131.115.124
938,Kissiah,Le Friec,klefriecq1@lycos.com,Female,38.227.188.106
939,Selia,Buske,sbuskeq2@cornell.edu,Female,103.249.103.76
940,Virginia,MacLaren,vmaclarenq3@qq.com,Female,19.63.184.251
941,Anders,Dahmel,adahmelq4@google.com.br,Male,2.69.115.47
942,Hale,Antcliffe,hantcliffeq5@yale.edu,Male,94.66.40.191
943,Rochester,Pontin,rpontinq6@amazon.de,Male,189.118.183.195
944,Fee,Skoughman,fskoughmanq7@google.de,Male,95.249.228.233
945,Guthrie,Fraser,gfraserq8@google.com.au,Male,151.214.232.221
946,Phil,Exelby,pexelbyq9@privacy.gov.au,Female,252.212.199.83
947,Goraud,Bramhall,gbramhallqa@examiner.com,Male,129.210.20.88
948,Nelli,Costerd,ncosterdqb@census.gov,Female,205.155.124.94
949,Kendricks,Bristoe,kbristoeqc@google.co.jp,Male,96.41.200.186
950,Leonid,McConnal,lmcconnalqd@google.es,Male,174.124.111.203
951,Calvin,Jenkins,cjenkinsqe@engadget.com,Male,77.50.64.30
952,Karl,Mynett,kmynettqf@harvard.edu,Male,67.104.46.52
953,Toddie,Bradwell,tbradwellqg@wired.com,Male,14.84.217.133
954,Reeva,Guillet,rguilletqh@bizjournals.com,Female,63.75.190.37
955,Lindsay,Chaldecott,lchaldecottqi@google.ca,Male,212.215.191.21
956,Che,Binne,cbinneqj@umich.edu,Male,4.111.10.252
957,Mercie,Challen,mchallenqk@networkadvertising.org,Female,137.57.98.153
958,Brod,Mallender,bmallenderql@xing.com,Male,150.250.41.112
959,Alysia,Sly,aslyqm@blinklist.com,Female,179.158.172.95
960,Millisent,Zellick,mzellickqn@creativecommons.org,Female,193.252.72.81
961,Hester,Detloff,hdetloffqo@netscape.com,Female,214.15.14.10
962,Bjorn,Vallens,bvallensqp@chicagotribune.com,Male,107.80.186.155
963,Alyce,Crickmer,acrickmerqq@umn.edu,Female,170.104.102.179
964,Arlen,Kun,akunqr@reference.com,Male,51.95.164.171
965,Scotti,Hambling,shamblingqs@unesco.org,Male,143.82.232.83
966,Wilbert,Hestrop,whestropqt@163.com,Male,185.148.79.35
967,Eloisa,Critcher,ecritcherqu@cnet.com,Female,48.63.189.225
968,Honor,Kiff,hkiffqv@msn.com,Female,77.78.234.207
969,Malvina,Eisak,meisakqw@ask.com,Female,77.34.176.67
970,Baudoin,Smythe,bsmytheqx@patch.com,Male,123.158.160.181
971,Lorry,Reaveley,lreaveleyqy@acquirethisname.com,Male,56.212.44.98
972,Tandie,Strutz,tstrutzqz@hibu.com,Female,252.163.250.203
973,Keith,Tacon,ktaconr0@phpbb.com,Male,255.204.12.66
974,Trudy,Phizackerly,tphizackerlyr1@sbwire.com,Female,206.219.144.76
975,Maxy,Maber,mmaberr2@yellowbook.com,Female,59.1.18.106
976,Karissa,Hurich,khurichr3@shinystat.com,Female,93.200.40.90
977,Martica,Flockhart,mflockhartr4@newyorker.com,Female,144.166.157.170
978,Alberik,Colquhoun,acolquhounr5@webeden.co.uk,Male,102.191.133.20
979,Jenifer,Mealand,jmealandr6@amazon.co.jp,Female,153.252.109.123
980,Culver,Bonnell,cbonnellr7@amazonaws.com,Male,195.83.85.125
981,Goober,Olivella,golivellar8@tamu.edu,Male,227.253.131.119
982,Nonie,Shankster,nshanksterr9@1688.com,Female,164.5.242.251
983,Neils,Ovill,novillra@ca.gov,Male,223.238.132.86
984,Jon,Ferschke,jferschkerb@hexun.com,Male,243.233.234.236
985,Jessamine,Risbrough,jrisbroughrc@bloomberg.com,Female,1.66.195.87
986,Layne,Scholer,lscholerrd@cdbaby.com,Female,217.228.244.110
987,Archer,Hourihan,ahourihanre@topsy.com,Male,88.117.54.152
988,Kimmie,Tyer,ktyerrf@reference.com,Female,187.239.13.96
989,Valerie,Scarce,vscarcerg@indiegogo.com,Female,255.21.108.134
990,George,Caldayrou,gcaldayrourh@fotki.com,Male,254.13.26.224
991,Ofella,Mangin,omanginri@fda.gov,Female,6.221.113.157
992,Aluino,Rosgen,arosgenrj@harvard.edu,Male,143.122.226.177
993,Janos,Blatcher,jblatcherrk@engadget.com,Male,131.154.70.220
994,Sidonia,Crummay,scrummayrl@ucoz.ru,Female,8.76.207.184
995,Skip,Vasovic,svasovicrm@bizjournals.com,Male,241.79.33.184
996,Verena,Aiken,vaikenrn@4shared.com,Female,12.166.218.138
997,Fin,Goodding,fgooddingro@github.com,Male,25.106.170.33
998,Gracia,Woodworth,gwoodworthrp@marriott.com,Female,106.84.100.68
999,Benjamen,Berthouloume,bberthouloumerq@cnn.com,Male,125.46.253.44
1000,Tabor,Kohlerman,tkohlermanrr@paypal.com,Male,223.21.213.162
